2025-08-06T09:00:00Z,home,custA
2025-08-06T09:05:00Z,about,custB
2025-08-06T09:10:00Z,pricing,custA
2025-08-06T09:15:00Z,home,custC
2025-08-06T09:20:00Z,about,custC
2025-08-06T09:25:00Z,contact,custB
2025-08-06T09:30:00Z,home,custD
2025-08-06T09:35:00Z,about,custD
2025-08-06T09:40:00Z,contact,custE
2025-08-06T09:45:00Z,home,custE
2025-08-06T09:50:00Z,about,custF
2025-08-06T09:55:00Z,home,custF
2025-08-06T10:00:00Z,about,custG
2025-08-06T10:05:00Z,home,custG
2025-08-06T10:10:00Z,contact,custH
2025-08-06T10:15:00Z,pricing,custB
2025-08-06T10:20:00Z,home,custH
2025-08-06T10:25:00Z,about,custI
2025-08-06T10:30:00Z,contact,custI
2025-08-06T10:35:00Z,home,custJ
